Registration year,Week number,Week beginning,Births registered
2024,11,3/11/24,896
2024,10,3/4/24,902
2024,9,2/26/24,867
2024,8,2/19/24,937
2024,7,2/12/24,842
2024,6,2/5/24,944
2024,5,1/29/24,973
2024,4,1/22/24,1040
2024,3,1/15/24,1003
2024,2,1/8/24,1157
2024,1,1/1/24,400
2023,52,12/25/23,236
2023,51,12/18/23,904
2023,50,12/11/23,827
2023,49,12/4/23,919
2023,48,11/27/23,950
2023,47,11/20/23,883
2023,46,11/13/23,904
2023,45,11/6/23,952
2023,44,10/30/23,1070
2023,43,10/23/23,1031
2023,42,10/16/23,833
2023,41,10/9/23,923
2023,40,10/2/23,882
2023,39,9/25/23,771
2023,38,9/18/23,824
2023,37,9/11/23,941
2023,36,9/4/23,945
2023,35,8/28/23,1024
2023,34,8/21/23,1012
2023,33,8/14/23,956
2023,32,8/7/23,885
2023,31,7/31/23,894
2023,30,7/24/23,979
2023,29,7/17/23,884
2023,28,7/10/23,922
2023,27,7/3/23,854
2023,26,6/26/23,915
2023,25,6/19/23,862
2023,24,6/12/23,919
2023,23,6/5/23,954
2023,22,5/29/23,845
2023,21,5/22/23,860
2023,20,5/15/23,880
2023,19,5/8/23,703
2023,18,5/1/23,783
2023,17,4/24/23,946
2023,16,4/17/23,924
2023,15,4/10/23,733
2023,14,4/3/23,733
2023,13,3/27/23,837
2023,12,3/20/23,873
2023,11,3/13/23,838
2023,10,3/6/23,852
2023,9,2/27/23,875
2023,8,2/20/23,895
2023,7,2/13/23,862
2023,6,2/6/23,909
2023,5,1/30/23,899
2023,4,1/23/23,1040
2023,3,1/16/23,1089
2023,2,1/9/23,1225
2023,1,1/2/23,458
2022,52,12/26/22,221
2022,51,12/19/22,788
2022,50,12/12/22,822
2022,49,12/5/22,869
2022,48,11/28/22,996
2022,47,11/21/22,942
2022,46,11/14/22,1007
2022,45,11/7/22,1034
2022,44,10/31/22,1084
2022,43,10/24/22,1094
2022,42,10/17/22,927
2022,41,10/10/22,1105
2022,40,10/3/22,1009
2022,39,9/26/22,898
2022,38,9/19/22,899
2022,37,9/12/22,926
2022,36,9/5/22,955
2022,35,8/29/22,927
2022,34,8/22/22,859
2022,33,8/15/22,924
2022,32,8/8/22,886
2022,31,8/1/22,833
2022,30,7/25/22,896
2022,29,7/18/22,843
2022,28,7/11/22,848
2022,27,7/4/22,828
2022,26,6/27/22,896
2022,25,6/20/22,938
2022,24,6/13/22,936
2022,23,6/6/22,885
2022,22,5/30/22,702
2022,21,5/23/22,893
2022,20,5/16/22,994
2022,19,5/9/22,991
2022,18,5/2/22,755
2022,17,4/25/22,927
2022,16,4/18/22,765
2022,15,4/11/22,753
2022,14,4/4/22,810
2022,13,3/28/22,880
2022,12,3/21/22,857
2022,11,3/14/22,877
2022,10,3/7/22,899
2022,9,2/28/22,917
2022,8,2/21/22,1011
2022,7,2/14/22,920
2022,6,2/7/22,951
2022,5,1/31/22,943
2022,4,1/24/22,1053
2021,52,12/27/21,225
2021,51,12/20/21,782
2021,50,12/13/21,953
2021,49,12/6/21,954
2021,48,11/29/21,952
2021,47,11/22/21,982
2021,46,11/15/21,995
2021,45,11/8/21,1027
2021,44,11/1/21,1068
2021,43,10/25/21,1014
2021,42,10/18/21,1044
2021,41,10/11/21,989
2021,40,10/4/21,1035
2021,39,9/27/21,1059
2021,38,9/20/21,951
2021,37,9/13/21,1076
2021,36,9/6/21,954
2021,35,8/30/21,1011
2021,34,8/23/21,921
2021,33,8/16/21,983
2021,32,8/9/21,940
2021,31,8/2/21,905
2021,30,7/26/21,954
2021,29,7/19/21,924
2021,28,7/12/21,844
2021,27,7/5/21,914
2021,26,6/28/21,915
2021,25,6/21/21,891
2021,24,6/14/21,922
2021,23,6/7/21,914
2021,22,5/31/21,861
2021,21,5/24/21,887
2021,20,5/17/21,882
2021,19,5/10/21,950
2021,18,5/3/21,705
2021,17,4/26/21,960
2021,16,4/19/21,991
2021,15,4/12/21,963
2021,14,4/5/21,775
2021,13,3/29/21,764
2021,12,3/22/21,859
2021,11,3/15/21,914
2021,10,3/8/21,951
2021,9,3/1/21,885
2021,8,2/22/21,1026
2021,7,2/15/21,993
2021,6,2/8/21,709
2021,5,2/1/21,892
2021,4,1/25/21,916
2021,3,1/18/21,990
2021,2,1/11/21,1105
2021,1,1/4/21,710
2020,53,12/28/20,213
2020,52,12/21/20,623
2020,51,12/14/20,943
2020,50,12/7/20,936
2020,49,11/30/20,919
2020,48,11/23/20,977
2020,47,11/16/20,1057
2020,46,11/9/20,1104
2020,45,11/2/20,1164
2020,44,10/26/20,1128
2020,43,10/19/20,1229
2020,42,10/12/20,1061
2020,41,10/5/20,1329
2020,40,9/28/20,1422
2020,39,9/21/20,1155
2020,38,9/14/20,1358
2020,37,9/7/20,1435
2020,36,8/31/20,1306
2020,35,8/24/20,1352
2020,34,8/17/20,1704
2020,33,8/10/20,1406
2020,32,8/3/20,1569
2020,31,7/27/20,1711
2020,30,7/20/20,1728
2020,29,7/13/20,2067
2020,28,7/6/20,2255
2020,27,6/29/20,2394
2020,26,6/22/20,108
2020,25,6/15/20,22
2020,24,6/8/20,17
2020,23,6/1/20,25
2020,22,5/25/20,14
2020,21,5/18/20,10
2020,20,5/11/20,18
2020,19,5/4/20,8
2020,18,4/27/20,5
2020,17,4/20/20,2
2020,16,4/13/20,4
2020,15,4/6/20,7
2020,14,3/30/20,4
2020,13,3/23/20,81
2020,12,3/16/20,870
2020,11,3/9/20,846
2020,10,3/2/20,942
2020,9,2/24/20,930
2020,8,2/17/20,973
2020,7,2/10/20,888
2020,6,2/3/20,967
2020,5,1/27/20,979
2020,4,1/20/20,970
2020,3,1/13/20,994
2020,2,1/6/20,1403
2020,1,12/30/19,452
2019,52,12/23/19,452
2019,51,12/16/19,986
2019,50,12/9/19,868
2019,49,12/2/19,846
2019,48,11/25/19,895
2019,47,11/18/19,867
2019,46,11/11/19,915
2019,45,11/4/19,936
2019,44,10/28/19,905
2019,43,10/21/19,1029
2019,42,10/14/19,951
2019,41,10/7/19,1065
2019,40,9/30/19,1039
2019,39,9/23/19,1044
2019,38,9/16/19,951
2019,37,9/9/19,983
2019,36,9/2/19,1007
2019,35,8/26/19,967
2019,34,8/19/19,1035
2019,33,8/12/19,1004
2019,32,8/5/19,1016
2019,31,7/29/19,1010
2019,30,7/22/19,1023
2019,29,7/15/19,952
2019,28,7/8/19,968
2019,27,7/1/19,1030
2019,26,6/24/19,980
2019,25,6/17/19,993
2019,24,6/10/19,937
2019,23,6/3/19,967
2019,22,5/27/19,922
2019,21,5/20/19,943
2019,20,5/13/19,1029
2019,19,5/6/19,852
2019,18,4/29/19,1017
2019,17,4/22/19,961
2019,16,4/15/19,801
2019,15,4/8/19,911
2019,14,4/1/19,913
2019,13,3/25/19,958
2019,12,3/18/19,954
2019,11,3/11/19,920
2019,10,3/4/19,930
2019,9,2/25/19,905
2019,8,2/18/19,956
2019,7,2/11/19,977
2019,6,2/4/19,963
2019,5,1/28/19,977
2019,4,1/21/19,943
2019,3,1/14/19,1133
2019,2,1/7/19,1484
2019,1,12/31/18,618
2018,52,12/24/18,424
2018,51,12/17/18,1115
2018,50,12/10/18,947
2018,49,12/3/18,934
2018,48,11/26/18,973
2018,47,11/19/18,959
2018,46,11/12/18,1069
2018,45,11/5/18,946
2018,44,10/29/18,976
2018,43,10/22/18,1018
2018,42,10/15/18,982
2018,41,10/8/18,1078
2018,40,10/1/18,1061
2018,39,9/24/18,1009
2018,38,9/17/18,921
2018,37,9/10/18,994
2018,36,9/3/18,1022
2018,35,8/27/18,987
2018,34,8/20/18,1014
2018,33,8/13/18,1041
2018,32,8/6/18,999
2018,31,7/30/18,1019
2018,30,7/23/18,1059
2018,29,7/16/18,1004
2018,28,7/9/18,1010
2018,27,7/2/18,999
2018,26,6/25/18,1063
2018,25,6/18/18,1013
2018,24,6/11/18,986
2018,23,6/4/18,1021
2018,22,5/28/18,952
2018,21,5/21/18,1022
2018,20,5/14/18,986
2018,19,5/7/18,939
2018,18,4/30/18,964
2018,17,4/23/18,1007
2018,16,4/16/18,1065
2018,15,4/9/18,1044
2018,14,4/2/18,895
2018,13,3/26/18,845
2018,12,3/19/18,1003
2018,11,3/12/18,943
2018,10,3/5/18,1144
2018,9,2/26/18,627
2018,8,2/19/18,1009
2018,7,2/12/18,902
2018,6,2/5/18,995
2018,5,1/29/18,989
2018,4,1/22/18,1054
2018,3,1/15/18,1026
2018,2,1/8/18,1363
2018,1,1/1/18,791
2017,52,12/25/17,416
2017,51,12/18/17,1181
2017,50,12/11/17,977
2017,49,12/4/17,977
2017,48,11/27/17,971
2017,47,11/20/17,981
2017,46,11/13/17,1016
2017,45,11/6/17,1058
2017,44,10/30/17,992
2017,43,10/23/17,1024
2017,42,10/16/17,1038
2017,41,10/9/17,1047
2017,40,10/2/17,1136
2017,39,9/25/17,1004
2017,38,9/18/17,982
2017,37,9/11/17,1045
2017,36,9/4/17,1050
2017,35,8/28/17,1106
2017,34,8/21/17,1092
2017,33,8/14/17,1115
2017,32,8/7/17,1015
2017,31,7/31/17,1106
2017,30,7/24/17,1101
2017,29,7/17/17,1037
2017,28,7/10/17,1114
2017,27,7/3/17,1071
2017,26,6/26/17,1022
2017,25,6/19/17,968
2017,24,6/12/17,1012
2017,23,6/5/17,1044
2017,22,5/29/17,1021
2017,21,5/22/17,947
2017,20,5/15/17,1013
2017,19,5/8/17,1025
2017,18,5/1/17,916
2017,17,4/24/17,1097
2017,16,4/17/17,1012
2017,15,4/10/17,855
2017,14,4/3/17,1022
2017,13,3/27/17,1000
2017,12,3/20/17,968
2017,11,3/13/17,1005
2017,10,3/6/17,988
2017,9,2/27/17,1017
2017,8,2/20/17,1009
2017,7,2/13/17,972
2017,6,2/6/17,975
2017,5,1/30/17,973
2017,4,1/23/17,948
2017,3,1/16/17,1129
2017,2,1/9/17,1327
2017,1,1/2/17,944
2016,52,12/26/16,403
2016,51,12/19/16,1095
2016,50,12/12/16,1006
2016,49,12/5/16,1077
2016,48,11/28/16,990
2016,47,11/21/16,999
2016,46,11/14/16,1011
2016,45,11/7/16,976
2016,44,10/31/16,1025
2016,43,10/24/16,1082
2016,42,10/17/16,1055
2016,41,10/10/16,1105
2016,40,10/3/16,1160
2016,39,9/26/16,1044
2016,38,9/19/16,1111
2016,37,9/12/16,1008
2016,36,9/5/16,1079
2016,35,8/29/16,1070
2016,34,8/22/16,1057
2016,33,8/15/16,1134
2016,32,8/8/16,1096
2016,31,8/1/16,1059
2016,30,7/25/16,1088
2016,29,7/18/16,1073
2016,28,7/11/16,1079
2016,27,7/4/16,1130
2016,26,6/27/16,1082
2016,25,6/20/16,1093
2016,24,6/13/16,1109
2016,23,6/6/16,1121
2016,22,5/30/16,1016
2016,21,5/23/16,1042
2016,20,5/16/16,1094
2016,19,5/9/16,1122
2016,18,5/2/16,1034
2016,17,4/25/16,990
2016,16,4/18/16,1028
2016,15,4/11/16,1090
2016,14,4/4/16,1113
2016,13,3/28/16,1001
2016,12,3/21/16,855
2016,11,3/14/16,973
2016,10,3/7/16,1038
2016,9,2/29/16,972
2016,8,2/22/16,1020
2016,7,2/15/16,1009
2016,6,2/8/16,1020
2016,5,2/1/16,1005
2016,4,1/25/16,970
2016,3,1/18/16,1056
2016,2,1/11/16,1227
2016,1,1/4/16,1396
2015,53,12/28/15,513
2015,52,12/21/15,867
2015,51,12/14/15,1065
2015,50,12/7/15,990
2015,49,11/30/15,998
2015,48,11/23/15,1068
2015,47,11/16/15,1090
2015,46,11/9/15,1003
2015,45,11/2/15,1064
2015,44,10/26/15,1066
2015,43,10/19/15,1035
2015,42,10/12/15,1111
2015,41,10/5/15,1097
2015,40,9/28/15,1124
2015,39,9/21/15,1111
2015,38,9/14/15,1014
2015,37,9/7/15,1151
2015,36,8/31/15,1092
2015,35,8/24/15,1146
2015,34,8/17/15,1106
2015,33,8/10/15,1118
2015,32,8/3/15,1148
2015,31,7/27/15,1205
2015,30,7/20/15,984
2015,29,7/13/15,1133
2015,28,7/6/15,1121
2015,27,6/29/15,1126
2015,26,6/22/15,1124
2015,25,6/15/15,1042
2015,24,6/8/15,1065
2015,23,6/1/15,1138
2015,22,5/25/15,958
2015,21,5/18/15,1037
2015,20,5/11/15,1120
2015,19,5/4/15,993
2015,18,4/27/15,1089
2015,17,4/20/15,1061
2015,16,4/13/15,1081
2015,15,4/6/15,1052
2015,14,3/30/15,869
2015,13,3/23/15,954
2015,12,3/16/15,1016
2015,11,3/9/15,1033
2015,10,3/2/15,992
2015,9,2/23/15,1043
2015,8,2/16/15,1004
2015,7,2/9/15,1025
2015,6,2/2/15,1066
2015,5,1/26/15,945
2015,4,1/19/15,1103
2015,3,1/12/15,1200
2015,2,1/5/15,1530
2015,1,12/29/14,553
2014,52,12/22/14,670
2014,51,12/15/14,1064
2014,50,12/8/14,965
2014,49,12/1/14,994
2014,48,11/24/14,1059
2014,47,11/17/14,1096
2014,46,11/10/14,1074
2014,45,11/3/14,1056
2014,44,10/27/14,1129
2014,43,10/20/14,1081
2014,42,10/13/14,1160
2014,41,10/6/14,1239
2014,40,9/29/14,1200
2014,39,9/22/14,1132
2014,38,9/15/14,1078
2014,37,9/8/14,1192
2014,36,9/1/14,1101
2014,35,8/25/14,1101
2014,34,8/18/14,1208
2014,33,8/11/14,1138
2014,32,8/4/14,1115
2014,31,7/28/14,1147
2014,30,7/21/14,1103
2014,29,7/14/14,1130
2014,28,7/7/14,1124
2014,27,6/30/14,1123
2014,26,6/23/14,1089
2014,25,6/16/14,1108
2014,24,6/9/14,1145
2014,23,6/2/14,1124
2014,22,5/26/14,1032
2014,21,5/19/14,1043
2014,20,5/12/14,1138
2014,19,5/5/14,1008
2014,18,4/28/14,1108
2014,17,4/21/14,1098
2014,16,4/14/14,957
2014,15,4/7/14,1059
2014,14,3/31/14,1063
2014,13,3/24/14,1095
2014,12,3/17/14,1086
2014,11,3/10/14,1096
2014,10,3/3/14,1007
2014,9,2/24/14,1057
2014,8,2/17/14,1073
2014,7,2/10/14,1041
2014,6,2/3/14,1030
2014,5,1/27/14,1062
2014,4,1/20/14,1076
2014,3,1/13/14,1117
2014,2,1/6/14,1695
2014,1,12/30/13,683
2013,52,12/23/13,576
2013,51,12/16/13,1075
2013,50,12/9/13,998
2013,49,12/2/13,1016
2013,48,11/25/13,1102
2013,47,11/18/13,1028
2013,46,11/11/13,1036
2013,45,11/4/13,1067
2013,44,10/28/13,1089
2013,43,10/21/13,1091
2013,42,10/14/13,1085
2013,41,10/7/13,1165
2013,40,9/30/13,1228
2013,39,9/23/13,985
2013,38,9/16/13,1063
2013,37,9/9/13,1109
2013,36,9/2/13,1082
2013,35,8/26/13,1122
2013,34,8/19/13,1147
2013,33,8/12/13,1125
2013,32,8/5/13,1074
2013,31,7/29/13,1110
2013,30,7/22/13,1183
2013,29,7/15/13,1051
2013,28,7/8/13,1121
2013,27,7/1/13,1130
2013,26,6/24/13,1119
2013,25,6/17/13,1041
2013,24,6/10/13,1093
2013,23,6/3/13,1072
2013,22,5/27/13,1006
2013,21,5/20/13,1074
2013,20,5/13/13,1073
2013,19,5/6/13,981
2013,18,4/29/13,1077
2013,17,4/22/13,1115
2013,16,4/15/13,1018
2013,15,4/8/13,1140
2013,14,4/1/13,1100
2013,13,3/25/13,885
2013,12,3/18/13,1038
2013,11,3/11/13,1053
2013,10,3/4/13,1046
2013,9,2/25/13,1075
2013,8,2/18/13,1135
2013,7,2/11/13,1043
2013,6,2/4/13,1083
2013,5,1/28/13,1065
2013,4,1/21/13,1036
2013,3,1/14/13,1099
2013,2,1/7/13,1543
2013,1,12/31/12,881
2012,52,12/24/12,567
2012,51,12/17/12,1170
2012,50,12/10/12,1090
2012,49,12/3/12,1019
2012,48,11/26/12,1155
2012,47,11/19/12,1120
2012,46,11/12/12,1100
2012,45,11/5/12,1113
2012,44,10/29/12,1105
2012,43,10/22/12,1148
2012,42,10/15/12,1112
2012,41,10/8/12,1201
2012,40,10/1/12,1203
2012,39,9/24/12,1156
2012,38,9/17/12,1090
2012,37,9/10/12,1131
2012,36,9/3/12,1147
2012,35,8/27/12,1081
2012,34,8/20/12,1139
2012,33,8/13/12,1192
2012,32,8/6/12,1100
2012,31,7/30/12,1145
2012,30,7/23/12,1184
2012,29,7/16/12,1055
2012,28,7/9/12,1170
2012,27,7/2/12,1097
2012,26,6/25/12,1135
2012,25,6/18/12,1169
2012,24,6/11/12,1265
2012,23,6/4/12,948
2012,22,5/28/12,1100
2012,21,5/21/12,1110
2012,20,5/14/12,1071
2012,19,5/7/12,1010
2012,18,4/30/12,1124
2012,17,4/23/12,1089
2012,16,4/16/12,1286
2012,15,4/9/12,1090
2012,14,4/2/12,948
2012,13,3/26/12,1112
2012,12,3/19/12,1108
2012,11,3/12/12,1105
2012,10,3/5/12,1147
2012,9,2/27/12,1123
2012,8,2/20/12,1125
2012,7,2/13/12,1038
2012,6,2/6/12,1100
2012,5,1/30/12,1057
2012,4,1/23/12,1072
2012,3,1/16/12,1117
2012,2,1/9/12,1542
2012,1,1/2/12,1126
2011,52,12/26/11,548
2011,51,12/19/11,1230
2011,50,12/12/11,1165
2011,49,12/5/11,1027
2011,48,11/28/11,1090
2011,47,11/21/11,1080
2011,46,11/14/11,1127
2011,45,11/7/11,1066
2011,44,10/31/11,1127
2011,43,10/24/11,1137
2011,42,10/17/11,1062
2011,41,10/10/11,1231
2011,40,10/3/11,1162
2011,39,9/26/11,1154
2011,38,9/19/11,1074
2011,37,9/12/11,1125
2011,36,9/5/11,1153
2011,35,8/29/11,1135
2011,34,8/22/11,1195
2011,33,8/15/11,1170
2011,32,8/8/11,1218
2011,31,8/1/11,1135
2011,30,7/25/11,1165
2011,29,7/18/11,1134
2011,28,7/11/11,1130
2011,27,7/4/11,1196
2011,26,6/27/11,1162
2011,25,6/20/11,1159
2011,24,6/13/11,1143
2011,23,6/6/11,1177
2011,22,5/30/11,1195
2011,21,5/23/11,1065
2011,20,5/16/11,1123
2011,19,5/9/11,1217
2011,18,5/2/11,1226
2011,17,4/25/11,1020
2011,16,4/18/11,998
2011,15,4/11/11,1133
2011,14,4/4/11,1114
2011,13,3/28/11,1066
2011,12,3/21/11,1090
2011,11,3/14/11,995
2011,10,3/7/11,1013
2011,9,2/28/11,1145
2011,8,2/21/11,1081
2011,7,2/14/11,1117
2011,6,2/7/11,1125
2011,5,1/31/11,1095
2011,4,1/24/11,1113
2011,3,1/17/11,1222
2011,2,1/10/11,1431
2011,1,1/3/11,1329
2010,52,12/27/10,569
2010,51,12/20/10,1119
2010,50,12/13/10,1391
2010,49,12/6/10,1074
2010,48,11/29/10,731
2010,47,11/22/10,1124
2010,46,11/15/10,1163
2010,45,11/8/10,1174
2010,44,11/1/10,1148
2010,43,10/25/10,1161
2010,42,10/18/10,1103
2010,41,10/11/10,1199
2010,40,10/4/10,1272
2010,39,9/27/10,1186
2010,38,9/20/10,1087
2010,37,9/13/10,1103
2010,36,9/6/10,1165
2010,35,8/30/10,1109
2010,34,8/23/10,1111
2010,33,8/16/10,1190
2010,32,8/9/10,1146
2010,31,8/2/10,1142
2010,30,7/26/10,1155
2010,29,7/19/10,1137
2010,28,7/12/10,1071
2010,27,7/5/10,1135
2010,26,6/28/10,1154
2010,25,6/21/10,1169
2010,24,6/14/10,1150
2010,23,6/7/10,1175
2010,22,5/31/10,1090
2010,21,5/24/10,1119
2010,20,5/17/10,1132
2010,19,5/10/10,1170
2010,18,5/3/10,1050
2010,17,4/26/10,1148
2010,16,4/19/10,1149
2010,15,4/12/10,1206
2010,14,4/5/10,1144
2010,13,3/29/10,947
2010,12,3/22/10,1133
2010,11,3/15/10,1030
2010,10,3/8/10,1130
2010,9,3/1/10,1192
2010,8,2/22/10,1105
2010,7,2/15/10,1087
2010,6,2/8/10,1102
2010,5,2/1/10,1093
2010,4,1/25/10,1110
2010,3,1/18/10,1204
2010,2,1/11/10,1362
2010,1,1/4/10,1475
2009,53,12/28/09,630
2009,52,12/21/09,832
2009,51,12/14/09,1096
2009,50,12/7/09,1109
2009,49,11/30/09,1158
2009,48,11/23/09,1077
2009,47,11/16/09,1079
2009,46,11/9/09,1157
2009,45,11/2/09,1099
2009,44,10/26/09,1221
2009,43,10/19/09,1041
2009,42,10/12/09,1215
2009,41,10/5/09,1241
2009,40,9/28/09,1128
2009,39,9/21/09,1061
2009,38,9/14/09,1171
2009,37,9/7/09,1135
2009,36,8/31/09,1119
2009,35,8/24/09,1244
2009,34,8/17/09,1224
2009,33,8/10/09,1142
2009,32,8/3/09,1160
2009,31,7/27/09,1201
2009,30,7/20/09,1170
2009,29,7/13/09,1131
2009,28,7/6/09,1191
2009,27,6/29/09,1202
2009,26,6/22/09,1140
2009,25,6/15/09,1100
2009,24,6/8/09,1203
2009,23,6/1/09,1150
2009,22,5/25/09,1141
2009,21,5/18/09,1058
2009,20,5/11/09,1219
2009,19,5/4/09,1053
2009,18,4/27/09,1169
2009,17,4/20/09,1215
2009,16,4/13/09,1188
2009,15,4/6/09,1044
2009,14,3/30/09,1111
2009,13,3/23/09,1091
2009,12,3/16/09,1154
2009,11,3/9/09,1092
2009,10,3/2/09,1067
2009,9,2/23/09,1115
2009,8,2/16/09,1125
2009,7,2/9/09,1093
2009,6,2/2/09,1060
2009,5,1/26/09,1144
2009,4,1/19/09,1161
2009,3,1/12/09,1207
2009,2,1/5/09,1704
2009,1,12/29/08,738
2008,52,12/22/08,787
2008,51,12/15/08,1058
2008,50,12/8/08,1122
2008,49,12/1/08,1042
2008,48,11/24/08,1107
2008,47,11/17/08,1168
2008,46,11/10/08,1103
2008,45,11/3/08,1119
2008,44,10/27/08,1069
2008,43,10/20/08,1072
2008,42,10/13/08,1151
2008,41,10/6/08,1288
2008,40,9/29/08,1222
2008,39,9/22/08,1102
2008,38,9/15/08,1102
2008,37,9/8/08,1155
2008,36,9/1/08,1258
2008,35,8/25/08,1219
2008,34,8/18/08,1095
2008,33,8/11/08,1232
2008,32,8/4/08,1271
2008,31,7/28/08,1153
2008,30,7/21/08,1176
2008,29,7/14/08,1187
2008,28,7/7/08,1147
2008,27,6/30/08,1192
2008,26,6/23/08,1143
2008,25,6/16/08,1259
2008,24,6/9/08,1137
2008,23,6/2/08,1158
2008,22,5/26/08,1108
2008,21,5/19/08,1121
2008,20,5/12/08,1224
2008,19,5/5/08,1096
2008,18,4/28/08,1120
2008,17,4/21/08,1139
2008,16,4/14/08,1153
2008,15,4/7/08,1103
2008,14,3/31/08,1161
2008,13,3/24/08,1205
2008,12,3/17/08,966
2008,11,3/10/08,1158
2008,10,3/3/08,1192
2008,9,2/25/08,1140
2008,8,2/18/08,1111
2008,7,2/11/08,1125
2008,6,2/4/08,1179
2008,5,1/28/08,1104
2008,4,1/21/08,1120
2008,3,1/14/08,1251
2008,2,1/7/08,1481
2008,1,12/31/07,942
2007,52,12/24/07,589
2007,51,12/17/07,1216
2007,50,12/10/07,1117
2007,49,12/3/07,1142
2007,48,11/26/07,1105
2007,47,11/19/07,1105
2007,46,11/12/07,1066
2007,45,11/5/07,1062
2007,44,10/29/07,1091
2007,43,10/22/07,1108
2007,42,10/15/07,1197
2007,41,10/8/07,1207
2007,40,10/1/07,1186
2007,39,9/24/07,1203
2007,38,9/17/07,1035
2007,37,9/10/07,1120
2007,36,9/3/07,1200
2007,35,8/27/07,1174
2007,34,8/20/07,1145
2007,33,8/13/07,1149
2007,32,8/6/07,1180
2007,31,7/30/07,1150
2007,30,7/23/07,1187
2007,29,7/16/07,1077
2007,28,7/9/07,1171
2007,27,7/2/07,1138
2007,26,6/25/07,1097
2007,25,6/18/07,1134
2007,24,6/11/07,1039
2007,23,6/4/07,1153
2007,22,5/28/07,1157
2007,21,5/21/07,1044
2007,20,5/14/07,1116
2007,19,5/7/07,1080
2007,18,4/30/07,1143
2007,17,4/23/07,1129
2007,16,4/16/07,1112
2007,15,4/9/07,1149
2007,14,4/2/07,917
2007,13,3/26/07,1068
2007,12,3/19/07,1130
2007,11,3/12/07,1048
2007,10,3/5/07,1092
2007,9,2/26/07,1013
2007,8,2/19/07,1092
2007,7,2/12/07,1048
2007,6,2/5/07,1093
2007,5,1/29/07,1079
2007,4,1/22/07,1076
2007,3,1/15/07,1144
2007,2,1/8/07,1273
2007,1,1/1/07,1053
2006,52,12/25/06,622
2006,51,12/18/06,1202
2006,50,12/11/06,1000
2006,49,12/4/06,976
2006,48,11/27/06,1018
2006,47,11/20/06,1027
2006,46,11/13/06,1093
2006,45,11/6/06,1077
2006,44,10/30/06,1090
2006,43,10/23/06,1119
2006,42,10/16/06,1183
2006,41,10/9/06,1213
2006,40,10/2/06,1282
2006,39,9/25/06,1121
2006,38,9/18/06,1031
2006,37,9/11/06,1068
2006,36,9/4/06,1058
2006,35,8/28/06,1061
2006,34,8/21/06,1150
2006,33,8/14/06,1106
2006,32,8/7/06,1080
2006,31,7/31/06,1075
2006,30,7/24/06,1104
2006,29,7/17/06,1081
2006,28,7/10/06,1114
2006,27,7/3/06,1129
2006,26,6/26/06,1112
2006,25,6/19/06,1102
2006,24,6/12/06,1110
2006,23,6/5/06,1150
2006,22,5/29/06,1064
2006,21,5/22/06,1055
2006,20,5/15/06,1123
2006,19,5/8/06,1089
2006,18,5/1/06,1035
2006,17,4/24/06,1131
2006,16,4/17/06,1096
2006,15,4/10/06,903
2006,14,4/3/06,1070
2006,13,3/27/06,981
2006,12,3/20/06,1088
2006,11,3/13/06,1042
2006,10,3/6/06,1061
2006,9,2/27/06,962
2006,8,2/20/06,1011
2006,7,2/13/06,1006
2006,6,2/6/06,981
2006,5,1/30/06,997
2006,4,1/23/06,1036
2006,3,1/16/06,1118
2006,2,1/9/06,1234
2006,1,1/2/06,1053
2005,52,12/26/05,597
2005,51,12/19/05,1064
2005,50,12/12/05,1002
2005,49,12/5/05,1005
2005,48,11/28/05,1055
2005,47,11/21/05,1017
2005,46,11/14/05,1031
2005,45,11/7/05,1041
2005,44,10/31/05,1033
2005,43,10/24/05,1032
2005,42,10/17/05,1132
2005,41,10/10/05,1062
2005,40,10/3/05,1173
2005,39,9/26/05,1049
2005,38,9/19/05,1010
2005,37,9/12/05,1061
2005,36,9/5/05,1107
2005,35,8/29/05,1132
2005,34,8/22/05,1060
2005,33,8/15/05,1117
2005,32,8/8/05,1125
2005,31,8/1/05,1131
2005,30,7/25/05,1048
2005,29,7/18/05,1035
2005,28,7/11/05,1048
2005,27,7/4/05,1098
2005,26,6/27/05,1077
2005,25,6/20/05,1020
2005,24,6/13/05,1069
2005,23,6/6/05,1091
2005,22,5/30/05,1041
2005,21,5/23/05,978
2005,20,5/16/05,1029
2005,19,5/9/05,1072
2005,18,5/2/05,961
2005,17,4/25/05,1019
2005,16,4/18/05,1047
2005,15,4/11/05,1037
2005,14,4/4/05,1075
2005,13,3/28/05,1059
2005,12,3/21/05,921
2005,11,3/14/05,1042
2005,10,3/7/05,1053
2005,9,2/28/05,1069
2005,8,2/21/05,984
2005,7,2/14/05,984
2005,6,2/7/05,998
2005,5,1/31/05,1065
2005,4,1/24/05,1036
2005,3,1/17/05,1048
2005,2,1/10/05,1224
2005,1,1/3/05,1122
2004,53,12/27/04,671
2004,52,12/20/04,1051
2004,51,12/13/04,915
2004,50,12/6/04,961
2004,49,11/29/04,1042
2004,48,11/22/04,1094
2004,47,11/15/04,958
2004,46,11/8/04,1042
2004,45,11/1/04,1058
2004,44,10/25/04,1082
2004,43,10/18/04,983
2004,42,10/11/04,1062
2004,41,10/4/04,1180
2004,40,9/27/04,1071
2004,39,9/20/04,1072
2004,38,9/13/04,1042
2004,37,9/6/04,1108
2004,36,8/30/04,1028
2004,35,8/23/04,993
2004,34,8/16/04,1115
2004,33,8/9/04,992
2004,32,8/2/04,1047
2004,31,7/26/04,1057
2004,30,7/19/04,1021
2004,29,7/12/04,1046
2004,28,7/5/04,1066
2004,27,6/28/04,1072
2004,26,6/21/04,1049
2004,25,6/14/04,1041
2004,24,6/7/04,1068
2004,23,5/31/04,965
2004,22,5/24/04,991
2004,21,5/17/04,1048
2004,20,5/10/04,1068
2004,19,5/3/04,978
2004,18,4/26/04,1033
2004,17,4/19/04,1083
2004,16,4/12/04,1110
2004,15,4/5/04,851
2004,14,3/29/04,998
2004,13,3/22/04,1072
2004,12,3/15/04,1015
2004,11,3/8/04,946
2004,10,3/1/04,1047
2004,9,2/23/04,1033
2004,8,2/16/04,1001
2004,7,2/9/04,1088
2004,6,2/2/04,1026
2004,5,1/26/04,1036
2004,4,1/19/04,1029
2004,3,1/12/04,1130
2004,2,1/5/04,1411
2004,1,12/29/03,738
2003,52,12/22/03,661
2003,51,12/15/03,1007
2003,50,12/8/03,919
2003,49,12/1/03,976
2003,48,11/24/03,958
2003,47,11/17/03,1049
2003,46,11/10/03,1023
2003,45,11/3/03,959
2003,44,10/27/03,957
2003,43,10/20/03,986
2003,42,10/13/03,1042
2003,41,10/6/03,1024
2003,40,9/29/03,1176
2003,39,9/22/03,1009
2003,38,9/15/03,1015
2003,37,9/8/03,1016
2003,36,9/1/03,981
2003,35,8/25/03,1069
2003,34,8/18/03,1060
2003,33,8/11/03,1072
2003,32,8/4/03,1105
2003,31,7/28/03,992
2003,30,7/21/03,1086
2003,29,7/14/03,1086
2003,28,7/7/03,1073
2003,27,6/30/03,991
2003,26,6/23/03,1031
2003,25,6/16/03,1039
2003,24,6/9/03,984
2003,23,6/2/03,1079
2003,22,5/26/03,1015
2003,21,5/19/03,896
2003,20,5/12/03,1011
2003,19,5/5/03,961
2003,18,4/28/03,1047
2003,17,4/21/03,1072
2003,16,4/14/03,843
2003,15,4/7/03,902
2003,14,3/31/03,986
2003,13,3/24/03,946
2003,12,3/17/03,972
2003,11,3/10/03,972
2003,10,3/3/03,998
2003,9,2/24/03,969
2003,8,2/17/03,1011
2003,7,2/10/03,998
2003,6,2/3/03,1011
2003,5,1/27/03,935
2003,4,1/20/03,954
2003,3,1/13/03,1082
2003,2,1/6/03,1386
2003,1,12/30/02,815
2002,52,12/23/02,636
2002,51,12/16/02,1014
2002,50,12/9/02,1019
2002,49,12/2/02,918
2002,48,11/25/02,941
2002,47,11/18/02,1008
2002,46,11/11/02,1033
2002,45,11/4/02,939
2002,44,10/28/02,1030
2002,43,10/21/02,976
2002,42,10/14/02,1072
2002,41,10/7/02,1063
2002,40,9/30/02,1070
2002,39,9/23/02,1020
2002,38,9/16/02,977
2002,37,9/9/02,992
2002,36,9/2/02,1000
2002,35,8/26/02,970
2002,34,8/19/02,995
2002,33,8/12/02,1052
2002,32,8/5/02,1005
2002,31,7/29/02,982
2002,30,7/22/02,1020
2002,29,7/15/02,989
2002,28,7/8/02,1038
2002,27,7/1/02,1010
2002,26,6/24/02,960
2002,25,6/17/02,1013
2002,24,6/10/02,1049
2002,23,6/3/02,805
2002,22,5/27/02,1052
2002,21,5/20/02,928
2002,20,5/13/02,1001
2002,19,5/6/02,930
2002,18,4/29/02,979
2002,17,4/22/02,946
2002,16,4/15/02,917
2002,15,4/8/02,1047
2002,14,4/1/02,998
2002,13,3/25/02,808
2002,12,3/18/02,954
2002,11,3/11/02,1020
2002,10,3/4/02,1008
2002,9,2/25/02,987
2002,8,2/18/02,885
2002,7,2/11/02,925
2002,6,2/4/02,1010
2002,5,1/28/02,923
2002,4,1/21/02,924
2002,3,1/14/02,986
2002,2,1/7/02,1250
2002,1,12/31/01,917
2001,52,12/24/01,610
2001,51,12/17/01,1064
2001,50,12/10/01,953
2001,49,12/3/01,990
2001,48,11/26/01,1002
2001,47,11/19/01,951
2001,46,11/12/01,943
2001,45,11/5/01,975
2001,44,10/29/01,1036
2001,43,10/22/01,1000
2001,42,10/15/01,1017
2001,41,10/8/01,1066
2001,40,10/1/01,1099
2001,39,9/24/01,1066
2001,38,9/17/01,966
2001,37,9/10/01,1025
2001,36,9/3/01,1011
2001,35,8/27/01,987
2001,34,8/20/01,1060
2001,33,8/13/01,1008
2001,32,8/6/01,949
2001,31,7/30/01,1009
2001,30,7/23/01,997
2001,29,7/16/01,1076
2001,28,7/9/01,988
2001,27,7/2/01,1024
2001,26,6/25/01,948
2001,25,6/18/01,995
2001,24,6/11/01,961
2001,23,6/4/01,988
2001,22,5/28/01,1057
2001,21,5/21/01,964
2001,20,5/14/01,1021
2001,19,5/7/01,970
2001,18,4/30/01,1070
2001,17,4/23/01,1078
2001,16,4/16/01,1030
2001,15,4/9/01,856
2001,14,4/2/01,957
2001,13,3/26/01,1009
2001,12,3/19/01,1012
2001,11,3/12/01,1002
2001,10,3/5/01,1114
2001,9,2/26/01,929
2001,8,2/19/01,1032
2001,7,2/12/01,1056
2001,6,2/5/01,1052
2001,5,1/29/01,1046
2001,4,1/22/01,964
2001,3,1/15/01,1047
2001,2,1/8/01,1138
2001,1,1/1/01,1136
2000,52,12/25/00,594
2000,51,12/18/00,1102
2000,50,12/11/00,944
2000,49,12/4/00,967
2000,48,11/27/00,1041
2000,47,11/20/00,1026
2000,46,11/13/00,955
2000,45,11/6/00,977
2000,44,10/30/00,1000
2000,43,10/23/00,988
2000,42,10/16/00,996
2000,41,10/9/00,1089
2000,40,10/2/00,1104
2000,39,9/25/00,1077
2000,38,9/18/00,1015
2000,37,9/11/00,1008
2000,36,9/4/00,1087
2000,35,8/28/00,1000
2000,34,8/21/00,1017
2000,33,8/14/00,1004
2000,32,8/7/00,974
2000,31,7/31/00,1086
2000,30,7/24/00,1055
2000,29,7/17/00,1009
2000,28,7/10/00,1051
2000,27,7/3/00,1009
2000,26,6/26/00,952
2000,25,6/19/00,1030
2000,24,6/12/00,980
2000,23,6/5/00,1071
2000,22,5/29/00,1100
2000,21,5/22/00,958
2000,20,5/15/00,1030
2000,19,5/8/00,1075
2000,18,5/1/00,1016
2000,17,4/24/00,1084
2000,16,4/17/00,879
2000,15,4/10/00,1016
2000,14,4/3/00,1001
2000,13,3/27/00,995
2000,12,3/20/00,1098
2000,11,3/13/00,1041
2000,10,3/6/00,1042
2000,9,2/28/00,1039
2000,8,2/21/00,1010
2000,7,2/14/00,968
2000,6,2/7/00,1050
2000,5,1/31/00,1009
2000,4,1/24/00,1007
2000,3,1/17/00,1053
2000,2,1/10/00,1251
2000,1,1/3/00,1145
1999,52,12/27/99,640
1999,51,12/20/99,999
1999,50,12/13/99,999
1999,49,12/6/99,1000
1999,48,11/29/99,1029
1999,47,11/22/99,968
1999,46,11/15/99,1020
1999,45,11/8/99,1098
1999,44,11/1/99,1009
1999,43,10/25/99,1039
1999,42,10/18/99,1032
1999,41,10/11/99,1094
1999,40,10/4/99,1124
1999,39,9/27/99,1050
1999,38,9/20/99,1008
1999,37,9/13/99,1081
1999,36,9/6/99,1052
1999,35,8/30/99,1103
1999,34,8/23/99,1090
1999,33,8/16/99,1085
1999,32,8/9/99,1055
1999,31,8/2/99,1078
1999,30,7/26/99,1043
1999,29,7/19/99,1050
1999,28,7/12/99,1090
1999,27,7/5/99,1106
1999,26,6/28/99,1095
1999,25,6/21/99,1104
1999,24,6/14/99,1055
1999,23,6/7/99,1072
1999,22,5/31/99,1054
1999,21,5/24/99,1030
1999,20,5/17/99,1047
1999,19,5/10/99,1116
1999,18,5/3/99,1053
1999,17,4/26/99,1070
1999,16,4/19/99,1110
1999,15,4/12/99,1132
1999,14,4/5/99,1146
1999,13,3/29/99,985
1999,12,3/22/99,1049
1999,11,3/15/99,1077
1999,10,3/8/99,1036
1999,9,3/1/99,1053
1999,8,2/22/99,1085
1999,7,2/15/99,1085
1999,6,2/8/99,1038
1999,5,2/1/99,1079
1999,4,1/25/99,997
1999,3,1/18/99,1045
1999,2,1/11/99,1154
1999,1,1/4/99,1439
1998,53,12/28/98,807
1998,52,12/21/98,888
1998,51,12/14/98,1040
1998,50,12/7/98,1037
1998,49,11/30/98,1025
1998,48,11/23/98,1080
1998,47,11/16/98,1049
1998,46,11/9/98,1020
1998,45,11/2/98,1097
1998,44,10/26/98,1075
1998,43,10/19/98,1176
1998,42,10/12/98,1182
1998,41,10/5/98,1136
1998,40,9/28/98,1211
1998,39,9/21/98,1091
1998,38,9/14/98,1106
1998,37,9/7/98,1157
1998,36,8/31/98,1135
1998,35,8/24/98,1117
1998,34,8/17/98,1158
1998,33,8/10/98,1132
1998,32,8/3/98,1107
1998,31,7/27/98,1105
1998,30,7/20/98,1113
1998,29,7/13/98,1090
1998,28,7/6/98,1186
1998,27,6/29/98,1129
1998,26,6/22/98,1192
1998,25,6/15/98,1112
1998,24,6/8/98,1076
1998,23,6/1/98,1047
1998,22,5/25/98,1022
1998,21,5/18/98,1032
1998,20,5/11/98,1153
1998,19,5/4/98,1040
1998,18,4/27/98,1108
1998,17,4/20/98,1174
1998,16,4/13/98,1248
1998,15,4/6/98,960
1998,14,3/30/98,1041
1998,13,3/23/98,1103
1998,12,3/16/98,1156
1998,11,3/9/98,1084
1998,10,3/2/98,1090
1998,9,2/23/98,1004
1998,8,2/16/98,1189
1998,7,2/9/98,1033
1998,6,2/2/98,1081
1998,5,1/26/98,1109
1998,4,1/19/98,1080
1998,3,1/12/98,1201
1998,2,1/5/98,1524
1998,1,12/29/97,896
1997,52,12/22/97,863
1997,51,12/15/97,1028
1997,50,12/8/97,1061
1997,49,12/1/97,1058
1997,48,11/24/97,1095
1997,47,11/17/97,1121
1997,46,11/10/97,1125
1997,45,11/3/97,1022
1997,44,10/27/97,1121
1997,43,10/20/97,1086
1997,42,10/13/97,1150
1997,41,10/6/97,1241
1997,40,9/29/97,1213
1997,39,9/22/97,1148
1997,38,9/15/97,1099
1997,37,9/8/97,1129
1997,36,9/1/97,1143
1997,35,8/25/97,1147
1997,34,8/18/97,1113
1997,33,8/11/97,1151
1997,32,8/4/97,1230
1997,31,7/28/97,1178
1997,30,7/21/97,1159
1997,29,7/14/97,1157
1997,28,7/7/97,1160
1997,27,6/30/97,1173
1997,26,6/23/97,1127
1997,25,6/16/97,1141
1997,24,6/9/97,1175
1997,23,6/2/97,1216
1997,22,5/26/97,1112
1997,21,5/19/97,1055
1997,20,5/12/97,1198
1997,19,5/5/97,1093
1997,18,4/28/97,1214
1997,17,4/21/97,1131
1997,16,4/14/97,1182
1997,15,4/7/97,1167
1997,14,3/31/97,1335
1997,13,3/24/97,911
1997,12,3/17/97,1126
1997,11,3/10/97,1161
1997,10,3/3/97,1106
1997,9,2/24/97,1177
1997,8,2/17/97,1125
1997,7,2/10/97,1153
1997,6,2/3/97,1128
1997,5,1/27/97,1107
1997,4,1/20/97,1157
1997,3,1/13/97,1158
1997,2,1/6/97,1599
1997,1,12/30/96,1031
1996,52,12/23/96,743
1996,51,12/16/96,1156
1996,50,12/9/96,1120
1996,49,12/2/96,1113
1996,48,11/25/96,1206
1996,47,11/18/96,1088
1996,46,11/11/96,1127
1996,45,11/4/96,1135
1996,44,10/28/96,1152
1996,43,10/21/96,1242
1996,42,10/14/96,1268
1996,41,10/7/96,1303
1996,40,9/30/96,1244
1996,39,9/23/96,1152
1996,38,9/16/96,1196
1996,37,9/9/96,1106
1996,36,9/2/96,1056
1996,35,8/26/96,1139
1996,34,8/19/96,1229
1996,33,8/12/96,1138
1996,32,8/5/96,1256
1996,31,7/29/96,1142
1996,30,7/22/96,1206
1996,29,7/15/96,1137
1996,28,7/8/96,1093
1996,27,7/1/96,1079
1996,26,6/24/96,1131
1996,25,6/17/96,1122
1996,24,6/10/96,1127
1996,23,6/3/96,1103
1996,22,5/27/96,1045
1996,21,5/20/96,1025
1996,20,5/13/96,1086
1996,19,5/6/96,1052
1996,18,4/29/96,1153
1996,17,4/22/96,1097
1996,16,4/15/96,1119
1996,15,4/8/96,1213
1996,14,4/1/96,967
1996,13,3/25/96,1124
1996,12,3/18/96,1034
1996,11,3/11/96,977
1996,10,3/4/96,1105
1996,9,2/26/96,1145
1996,8,2/19/96,1112
1996,7,2/12/96,1201
1996,6,2/5/96,989
1996,5,1/29/96,1161
1996,4,1/22/96,1028
1996,3,1/15/96,1128
1996,2,1/8/96,1303
1996,1,1/1/96,1222
1995,52,12/25/95,771
1995,51,12/18/95,1188
1995,50,12/11/95,1029
1995,49,12/4/95,1072
1995,48,11/27/95,1189
1995,47,11/20/95,1211
1995,46,11/13/95,1160
1995,45,11/6/95,1132
1995,44,10/30/95,1138
1995,43,10/23/95,1153
1995,42,10/16/95,1254
1995,41,10/9/95,1250
1995,40,10/2/95,1277
1995,39,9/25/95,1244
1995,38,9/18/95,1115
1995,37,9/11/95,1105
1995,36,9/4/95,1107
1995,35,8/28/95,1160
1995,34,8/21/95,1112
1995,33,8/14/95,1247
1995,32,8/7/95,1123
1995,31,7/31/95,1196
1995,30,7/24/95,1191
1995,29,7/17/95,1156
1995,28,7/10/95,1190
1995,27,7/3/95,1220
1995,26,6/26/95,1199
1995,25,6/19/95,1169
1995,24,6/12/95,1141
1995,23,6/5/95,1105
1995,22,5/29/95,1191
1995,21,5/22/95,1008
1995,20,5/15/95,1222
1995,19,5/8/95,1119
1995,18,5/1/95,1164
1995,17,4/24/95,1241
1995,16,4/17/95,1275
1995,15,4/10/95,972
1995,14,4/3/95,1132
1995,13,3/27/95,1183
1995,12,3/20/95,1166
1995,11,3/13/95,1132
1995,10,3/6/95,1158
1995,9,2/27/95,1090
1995,8,2/20/95,1170
1995,7,2/13/95,1106
1995,6,2/6/95,1180
1995,5,1/30/95,1143
1995,4,1/23/95,1057
1995,3,1/16/95,1154
1995,2,1/9/95,1327
1995,1,1/2/95,1256
1994,52,12/26/94,852
1994,51,12/19/94,1182
1994,50,12/12/94,1105
1994,49,12/5/94,1100
1994,48,11/28/94,1133
1994,47,11/21/94,1115
1994,46,11/14/94,1138
1994,45,11/7/94,1154
1994,44,10/31/94,1191
1994,43,10/24/94,1220
1994,42,10/17/94,1203
1994,41,10/10/94,1282
1994,40,10/3/94,1266
1994,39,9/26/94,1252
1994,38,9/19/94,1122
1994,37,9/12/94,1121
1994,36,9/5/94,1170
1994,35,8/29/94,1125
1994,34,8/22/94,1116
1994,33,8/15/94,1166
1994,32,8/8/94,1233
1994,31,8/1/94,1135
1994,30,7/25/94,1264
1994,29,7/18/94,1214
1994,28,7/11/94,1179
1994,27,7/4/94,1232
1994,26,6/27/94,1152
1994,25,6/20/94,1246
1994,24,6/13/94,1258
1994,23,6/6/94,1213
1994,22,5/30/94,1222
1994,21,5/23/94,1101
1994,20,5/16/94,1207
1994,19,5/9/94,1243
1994,18,5/2/94,1154
1994,17,4/25/94,1237
1994,16,4/18/94,1219
1994,15,4/11/94,1264
1994,14,4/4/94,1248
1994,13,3/28/94,1069
1994,12,3/21/94,1179
1994,11,3/14/94,1170
1994,10,3/7/94,1244
1994,9,2/28/94,1215
1994,8,2/21/94,1212
1994,7,2/14/94,1129
1994,6,2/7/94,1209
1994,5,1/31/94,1195
1994,4,1/24/94,1178
1994,3,1/17/94,1163
1994,2,1/10/94,1339
1994,1,1/3/94,1320
1993,52,12/27/93,894
1993,51,12/20/93,1112
1993,50,12/13/93,1144
1993,49,12/6/93,1037
1993,48,11/29/93,1129
1993,47,11/22/93,1188
1993,46,11/15/93,1159
1993,45,11/8/93,1181
1993,44,11/1/93,1130
1993,43,10/25/93,1252
1993,42,10/18/93,1300
1993,41,10/11/93,1265
1993,40,10/4/93,1384
1993,39,9/27/93,1339
1993,38,9/20/93,1182
1993,37,9/13/93,1179
1993,36,9/6/93,1242
1993,35,8/30/93,1240
1993,34,8/23/93,1279
1993,33,8/16/93,1235
1993,32,8/9/93,1216
1993,31,8/2/93,1267
1993,30,7/26/93,1344
1993,29,7/19/93,1208
1993,28,7/12/93,1210
1993,27,7/5/93,1302
1993,26,6/28/93,1270
1993,25,6/21/93,1206
1993,24,6/14/93,1223
1993,23,6/7/93,1213
1993,22,5/31/93,1114
1993,21,5/24/93,1289
1993,20,5/17/93,1177
1993,19,5/10/93,1213
1993,18,5/3/93,1137
1993,17,4/26/93,1241
1993,16,4/19/93,1202
1993,15,4/12/93,1340
1993,14,4/5/93,1039
1993,13,3/29/93,1228
1993,12,3/22/93,1250
1993,11,3/15/93,1199
1993,10,3/8/93,1235
1993,9,3/1/93,1228
1993,8,2/22/93,1196
1993,7,2/15/93,1189
1993,6,2/8/93,1136
1993,5,2/1/93,1262
1993,4,1/25/93,1268
1993,3,1/18/93,1322
1993,2,1/11/93,1207
1993,1,1/4/93,1536
1992,53,12/28/92,965
1992,52,12/21/92,1028
1992,51,12/14/92,1192
1992,50,12/7/92,1150
1992,49,11/30/92,1210
1992,48,11/23/92,1187
1992,47,11/16/92,1161
1992,46,11/9/92,1226
1992,45,11/2/92,1244
1992,44,10/26/92,1278
1992,43,10/19/92,1185
1992,42,10/12/92,1249
1992,41,10/5/92,1327
1992,40,9/28/92,1360
1992,39,9/21/92,1226
1992,38,9/14/92,1247
1992,37,9/7/92,1307
1992,36,8/31/92,1300
1992,35,8/24/92,1289
1992,34,8/17/92,1206
1992,33,8/10/92,1276
1992,32,8/3/92,1264
1992,31,7/27/92,1365
1992,30,7/20/92,1274
1992,29,7/13/92,1361
1992,28,7/6/92,1301
1992,27,6/29/92,1262
1992,26,6/22/92,1238
1992,25,6/15/92,1334
1992,24,6/8/92,1221
1992,23,6/1/92,1334
1992,22,5/25/92,1262
1992,21,5/18/92,1100
1992,20,5/11/92,1386
1992,19,5/4/92,1168
1992,18,4/27/92,1261
1992,17,4/20/92,1439
1992,16,4/13/92,1170
1992,15,4/6/92,1274
1992,14,3/30/92,1199
1992,13,3/23/92,1316
1992,12,3/16/92,1321
1992,11,3/9/92,1238
1992,10,3/2/92,1249
1992,9,2/24/92,1198
1992,8,2/17/92,1242
1992,7,2/10/92,1232
1992,6,2/3/92,1252
1992,5,1/27/92,1281
1992,4,1/20/92,1250
1992,3,1/13/92,1273
1992,2,1/6/92,1679
1992,1,12/30/91,1146
1991,52,12/23/91,931
1991,51,12/16/91,1246
1991,50,12/9/91,1172
1991,49,12/2/91,1217
1991,48,11/25/91,1253
1991,47,11/18/91,1303
1991,46,11/11/91,1180
1991,45,11/4/91,1223
1991,44,10/28/91,1235
1991,43,10/21/91,1277
1991,42,10/14/91,1355
1991,41,10/7/91,1395
1991,40,9/30/91,1417
1991,39,9/23/91,1305
1991,38,9/16/91,1300
1991,37,9/9/91,1278
1991,36,9/2/91,1304
1991,35,8/26/91,1300
1991,34,8/19/91,1267
1991,33,8/12/91,1328
1991,32,8/5/91,1339
1991,31,7/29/91,1317
1991,30,7/22/91,1266
1991,29,7/15/91,1374
1991,28,7/8/91,1406
1991,27,7/1/91,1307
1991,26,6/24/91,1319
1991,25,6/17/91,1325
1991,24,6/10/91,1280
1991,23,6/3/91,1316
1991,22,5/27/91,1255
1991,21,5/20/91,1180
1991,20,5/13/91,1321
1991,19,5/6/91,1216
1991,18,4/29/91,1261
1991,17,4/22/91,1295
1991,16,4/15/91,1280
1991,15,4/8/91,1279
1991,14,4/1/91,1302
1991,13,3/25/91,1129
1991,12,3/18/91,1331
1991,11,3/11/91,1340
1991,10,3/4/91,1268
1991,9,2/25/91,1353
1991,8,2/18/91,1238
1991,7,2/11/91,1306
1991,6,2/4/91,1198
1991,5,1/28/91,1263
1991,4,1/21/91,1274
1991,3,1/14/91,1283
1991,2,1/7/91,1515
1991,1,12/31/90,1167
1990,52,12/24/90,835
1990,51,12/17/90,1307
1990,50,12/10/90,1164
1990,49,12/3/90,1208
1990,48,11/26/90,1300
1990,47,11/19/90,1258
1990,46,11/12/90,1206
1990,45,11/5/90,1238
1990,44,10/29/90,1256
1990,43,10/22/90,1326
1990,42,10/15/90,1353
1990,41,10/8/90,1407
1990,40,10/1/90,1415
1990,39,9/24/90,1400
1990,38,9/17/90,1110
1990,37,9/10/90,1339
1990,36,9/3/90,1282
1990,35,8/27/90,1248
1990,34,8/20/90,1287
1990,33,8/13/90,1287
1990,32,8/6/90,1347
1990,31,7/30/90,1304
1990,30,7/23/90,1395
1990,29,7/16/90,1305
1990,28,7/9/90,1291
1990,27,7/2/90,1338
1990,26,6/25/90,1263
1990,25,6/18/90,1229
1990,24,6/11/90,1288
1990,23,6/4/90,1335
1990,22,5/28/90,1305
1990,21,5/21/90,1201
1990,20,5/14/90,1306
1990,19,5/7/90,1236
1990,18,4/30/90,1214
1990,17,4/23/90,1337
1990,16,4/16/90,1345
1990,15,4/9/90,1118
1990,14,4/2/90,1164
1990,13,3/26/90,1282
1990,12,3/19/90,1252
1990,11,3/12/90,1255
1990,10,3/5/90,1213
1990,9,2/26/90,1242
1990,8,2/19/90,1274
1990,7,2/12/90,1242
1990,6,2/5/90,1201
1990,5,1/29/90,1223
1990,4,1/22/90,1164
1990,3,1/15/90,1156
1990,2,1/8/90,1390
1990,1,1/1/90,1253
1989,52,12/25/89,962
1989,51,12/18/89,1416
1989,50,12/11/89,1103
1989,49,12/4/89,1145
1989,48,11/27/89,1166
1989,47,11/20/89,1212
1989,46,11/13/89,1192
1989,45,11/6/89,1178
1989,44,10/30/89,1167
1989,43,10/23/89,1201
1989,42,10/16/89,1273
1989,41,10/9/89,1276
1989,40,10/2/89,1302
1989,39,9/25/89,1310
1989,38,9/18/89,1103
1989,37,9/11/89,1252
1989,36,9/4/89,1252
1989,35,8/28/89,1163
1989,34,8/21/89,1199
1989,33,8/14/89,1207
1989,32,8/7/89,1226
1989,31,7/31/89,1335
1989,30,7/24/89,1613
1989,29,7/17/89,892
1989,28,7/10/89,1264
1989,27,7/3/89,1203
1989,26,6/26/89,1183
1989,25,6/19/89,1240
1989,24,6/12/89,1194
1989,23,6/5/89,1240
1989,22,5/29/89,1243
1989,21,5/22/89,1138
1989,20,5/15/89,1275
1989,19,5/8/89,1332
1989,18,5/1/89,1154
1989,17,4/24/89,1254
1989,16,4/17/89,1235
1989,15,4/10/89,1228
1989,14,4/3/89,1239
1989,13,3/27/89,1371
1989,12,3/20/89,1024
1989,11,3/13/89,1272
1989,10,3/6/89,1282
1989,9,2/27/89,1169
1989,8,2/20/89,1287
1989,7,2/13/89,1171
1989,6,2/6/89,1158
1989,5,1/30/89,1205
1989,4,1/23/89,1181
1989,3,1/16/89,1241
1989,2,1/9/89,1331
1989,1,1/2/89,1221
1988,52,12/26/88,980
1988,51,12/19/88,1251
1988,50,12/12/88,1227
1988,49,12/5/88,1243
1988,48,11/28/88,1178
1988,47,11/21/88,1173
1988,46,11/14/88,1228
1988,45,11/7/88,1210
1988,44,10/31/88,1186
1988,43,10/24/88,1268
1988,42,10/17/88,1229
1988,41,10/10/88,1391
1988,40,10/3/88,1304
1988,39,9/26/88,1418
1988,38,9/19/88,1210
1988,37,9/12/88,1227
1988,36,9/5/88,1230
1988,35,8/29/88,1193
1988,34,8/22/88,1224
1988,33,8/15/88,1291
1988,32,8/8/88,1315
1988,31,8/1/88,1270
1988,30,7/25/88,1294
1988,29,7/18/88,1261
1988,28,7/11/88,1338
1988,27,7/4/88,1333
1988,26,6/27/88,1262
1988,25,6/20/88,1252
1988,24,6/13/88,1291
1988,23,6/6/88,1343
1988,22,5/30/88,1276
1988,21,5/23/88,1201
1988,20,5/16/88,1331
1988,19,5/9/88,1308
1988,18,5/2/88,1180
1988,17,4/25/88,1310
1988,16,4/18/88,1247
1988,15,4/11/88,1325
1988,14,4/4/88,1433
1988,13,3/28/88,1135
1988,12,3/21/88,1387
1988,11,3/14/88,1304
1988,10,3/7/88,1323
1988,9,2/29/88,1275
1988,8,2/22/88,1322
1988,7,2/15/88,1266
1988,6,2/8/88,1213
1988,5,2/1/88,1280
1988,4,1/25/88,1309
1988,3,1/18/88,1297
1988,2,1/11/88,1395
1988,1,1/4/88,1474
1987,53,12/28/87,1032
1987,52,12/21/87,1048
1987,51,12/14/87,1172
1987,50,12/7/87,1213
1987,49,11/30/87,1192
1987,48,11/23/87,1199
1987,47,11/16/87,1261
1987,46,11/9/87,1174
1987,45,11/2/87,1235
1987,44,10/26/87,1249
1987,43,10/19/87,1342
1987,42,10/12/87,1356
1987,41,10/5/87,1372
1987,40,9/28/87,1357
1987,39,9/21/87,1238
1987,38,9/14/87,1262
1987,37,9/7/87,1252
1987,36,8/31/87,1304
1987,35,8/24/87,1324
1987,34,8/17/87,1301
1987,33,8/10/87,1290
1987,32,8/3/87,1283
1987,31,7/27/87,1357
1987,30,7/20/87,1264
1987,29,7/13/87,1321
1987,28,7/6/87,1298
1987,27,6/29/87,1348
1987,26,6/22/87,1335
1987,25,6/15/87,1344
1987,24,6/8/87,1293
1987,23,6/1/87,1312
1987,22,5/25/87,1341
1987,21,5/18/87,1163
1987,20,5/11/87,1358
1987,19,5/4/87,1192
1987,18,4/27/87,1332
1987,17,4/20/87,1341
1987,16,4/13/87,1101
1987,15,4/6/87,1307
1987,14,3/30/87,1242
1987,13,3/23/87,1319
1987,12,3/16/87,1228
1987,11,3/9/87,1187
1987,10,3/2/87,1244
1987,9,2/23/87,1228
1987,8,2/16/87,1265
1987,7,2/9/87,1270
1987,6,2/2/87,1256
1987,5,1/26/87,1259
1987,4,1/19/87,1483
1987,3,1/12/87,1066
1987,2,1/5/87,1725
1987,1,12/29/86,1014
1986,52,12/22/86,884
1986,51,12/15/86,1211
1986,50,12/8/86,1197
1986,49,12/1/86,1257
1986,48,11/24/86,1245
1986,47,11/17/86,1236
1986,46,11/10/86,1211
1986,45,11/3/86,1292
1986,44,10/27/86,1248
1986,43,10/20/86,1223
1986,42,10/13/86,1291
1986,41,10/6/86,1366
1986,40,9/29/86,1311
1986,39,9/22/86,1300
1986,38,9/15/86,1235
1986,37,9/8/86,1283
1986,36,9/1/86,1272
1986,35,8/25/86,1232
1986,34,8/18/86,1330
1986,33,8/11/86,1237
1986,32,8/4/86,1255
1986,31,7/28/86,1264
1986,30,7/21/86,1273
1986,29,7/14/86,1309
1986,28,7/7/86,1225
1986,27,6/30/86,1286
1986,26,6/23/86,1292
1986,25,6/16/86,1332
1986,24,6/9/86,1314
1986,23,6/2/86,1276
1986,22,5/26/86,1330
1986,21,5/19/86,1127
1986,20,5/12/86,1380
1986,19,5/5/86,1214
1986,18,4/28/86,1314
1986,17,4/21/86,1324
1986,16,4/14/86,1153
1986,15,4/7/86,1316
1986,14,3/31/86,1494
1986,13,3/24/86,1153
1986,12,3/17/86,1315
1986,11,3/10/86,1307
1986,10,3/3/86,1232
1986,9,2/24/86,1225
1986,8,2/17/86,1244
1986,7,2/10/86,1199
1986,6,2/3/86,1187
1986,5,1/27/86,1236
1986,4,1/20/86,1285
1986,3,1/13/86,1167
1986,2,1/6/86,1540
1986,1,12/30/85,1086
1985,52,12/23/85,936
1985,51,12/16/85,1264
1985,50,12/9/85,1192
1985,49,12/2/85,1238
1985,48,11/25/85,1171
1985,47,11/18/85,1278
1985,46,11/11/85,1238
1985,45,11/4/85,1259
1985,44,10/28/85,1291
1985,43,10/21/85,1298
1985,42,10/14/85,1424
1985,41,10/7/85,1403
1985,40,9/30/85,1408
1985,39,9/23/85,1324
1985,38,9/16/85,1311
1985,37,9/9/85,1257
1985,36,9/2/85,1302
1985,35,8/26/85,1262
1985,34,8/19/85,1382
1985,33,8/12/85,1329
1985,32,8/5/85,1321
1985,31,7/29/85,1294
1985,30,7/22/85,1307
1985,29,7/15/85,1280
1985,28,7/8/85,1311
1985,27,7/1/85,1337
1985,26,6/24/85,1290
1985,25,6/17/85,1217
1985,24,6/10/85,1317
1985,23,6/3/85,1338
1985,22,5/27/85,1240
1985,21,5/20/85,1181
1985,20,5/13/85,1290
1985,19,5/6/85,1213
1985,18,4/29/85,1334
1985,17,4/22/85,1232
1985,16,4/15/85,1319
1985,15,4/8/85,1461
1985,14,4/1/85,1154
1985,13,3/25/85,1248
1985,12,3/18/85,1285
1985,11,3/11/85,1262
1985,10,3/4/85,1240
1985,9,2/25/85,1220
1985,8,2/18/85,1183
1985,7,2/11/85,1248
1985,6,2/4/85,1328
1985,5,1/28/85,1254
1985,4,1/21/85,1244
1985,3,1/14/85,1225
1985,2,1/7/85,1408
1985,1,12/31/84,1161
1984,52,12/24/84,914
1984,51,12/17/84,1271
1984,50,12/10/84,1209
1984,49,12/3/84,1300
1984,48,11/26/84,1206
1984,47,11/19/84,1272
1984,46,11/12/84,1251
1984,45,11/5/84,1221
1984,44,10/29/84,1339
1984,43,10/22/84,1273
1984,42,10/15/84,1324
1984,41,10/8/84,1360
1984,40,10/1/84,1387
1984,39,9/24/84,1374
1984,38,9/17/84,1174
1984,37,9/10/84,1329
1984,36,9/3/84,1301
1984,35,8/27/84,1328
1984,34,8/20/84,1234
1984,33,8/13/84,1283
1984,32,8/6/84,1331
1984,31,7/30/84,1275
1984,30,7/23/84,1348
1984,29,7/16/84,1249
1984,28,7/9/84,1357
1984,27,7/2/84,1268
1984,26,6/25/84,1214
1984,25,6/18/84,1253
1984,24,6/11/84,1230
1984,23,6/4/84,1286
1984,22,5/28/84,1295
1984,21,5/21/84,1098
1984,20,5/14/84,1286
1984,19,5/7/84,1181
1984,18,4/30/84,1282
1984,17,4/23/84,1295
1984,16,4/16/84,1031
1984,15,4/9/84,1171
1984,14,4/2/84,1296
1984,13,3/26/84,1218
1984,12,3/19/84,1222
1984,11,3/12/84,1170
1984,10,3/5/84,1236
1984,9,2/27/84,1187
1984,8,2/20/84,1197
1984,7,2/13/84,1215
1984,6,2/6/84,1190
1984,5,1/30/84,1264
1984,4,1/23/84,1175
1984,3,1/16/84,1217
1984,2,1/9/84,1261
1984,1,1/2/84,1115
1983,52,12/26/83,971
1983,51,12/19/83,1220
1983,50,12/12/83,1167
1983,49,12/5/83,1220
1983,48,11/28/83,1201
1983,47,11/21/83,1182
1983,46,11/14/83,1151
1983,45,11/7/83,1216
1983,44,10/31/83,1173
1983,43,10/24/83,1271
1983,42,10/17/83,1279
1983,41,10/10/83,1350
1983,40,10/3/83,1391
1983,39,9/26/83,1360
1983,38,9/19/83,1239
1983,37,9/12/83,1190
1983,36,9/5/83,1283
1983,35,8/29/83,1265
1983,34,8/22/83,1240
1983,33,8/15/83,1273
1983,32,8/8/83,1257
1983,31,8/1/83,1297
1983,30,7/25/83,1347
1983,29,7/18/83,1264
1983,28,7/11/83,1287
1983,27,7/4/83,1278
1983,26,6/27/83,1321
1983,25,6/20/83,1307
1983,24,6/13/83,1292
1983,23,6/6/83,1299
1983,22,5/30/83,1248
1983,21,5/23/83,1115
1983,20,5/16/83,1301
1983,19,5/9/83,1263
1983,18,5/2/83,1238
1983,17,4/25/83,1336
1983,16,4/18/83,1197
1983,15,4/11/83,1235
1983,14,4/4/83,1405
1983,13,3/28/83,1030
1983,12,3/21/83,1213
1983,11,3/14/83,1252
1983,10,3/7/83,1242
1983,9,2/28/83,1254
1983,8,2/21/83,1213
1983,7,2/14/83,1257
1983,6,2/7/83,1249
1983,5,1/31/83,1253
1983,4,1/24/83,1229
1983,3,1/17/83,1258
1983,2,1/10/83,1474
1983,1,1/3/83,1224
1982,52,12/27/82,1064
1982,51,12/20/82,1211
1982,50,12/13/82,1187
1982,49,12/6/82,1187
1982,48,11/29/82,1245
1982,47,11/22/82,1208
1982,46,11/15/82,1145
1982,45,11/8/82,1262
1982,44,11/1/82,1238
1982,43,10/25/82,1373
1982,42,10/18/82,1307
1982,41,10/11/82,1390
1982,40,10/4/82,1471
1982,39,9/27/82,1456
1982,38,9/20/82,1157
1982,37,9/13/82,1300
1982,36,9/6/82,1222
1982,35,8/30/82,1229
1982,34,8/23/82,1269
1982,33,8/16/82,1244
1982,32,8/9/82,1364
1982,31,8/2/82,1281
1982,30,7/26/82,1327
1982,29,7/19/82,1292
1982,28,7/12/82,1236
1982,27,7/5/82,1199
1982,26,6/28/82,1251
1982,25,6/21/82,1160
1982,24,6/14/82,1252
1982,23,6/7/82,1219
1982,22,5/31/82,1237
1982,21,5/24/82,1294
1982,20,5/17/82,1163
1982,19,5/10/82,1329
1982,18,5/3/82,1174
1982,17,4/26/82,1276
1982,16,4/19/82,1342
1982,15,4/12/82,1426
1982,14,4/5/82,1117
1982,13,3/29/82,1326
1982,12,3/22/82,1270
1982,11,3/15/82,1293
1982,10,3/8/82,1315
1982,9,3/1/82,1311
1982,8,2/22/82,1322
1982,7,2/15/82,1265
1982,6,2/8/82,1275
1982,5,2/1/82,1244
1982,4,1/25/82,1336
1982,3,1/18/82,1410
1982,2,1/11/82,1364
1982,1,1/4/82,1360
1981,53,12/28/81,1089
1981,52,12/21/81,1134
1981,51,12/14/81,1263
1981,50,12/7/81,1218
1981,49,11/30/81,1222
1981,48,11/23/81,1245
1981,47,11/16/81,1264
1981,46,11/9/81,1285
1981,45,11/2/81,1318
1981,44,10/26/81,1264
1981,43,10/19/81,1431
1981,42,10/12/81,1423
1981,41,10/5/81,1412
1981,40,9/28/81,1411
1981,39,9/21/81,1229
1981,38,9/14/81,1235
1981,37,9/7/81,1279
1981,36,8/31/81,1335
1981,35,8/24/81,1257
1981,34,8/17/81,1352
1981,33,8/10/81,1379
1981,32,8/3/81,1406
1981,31,7/27/81,1272
1981,30,7/20/81,1313
1981,29,7/13/81,1343
1981,28,7/6/81,1297
1981,27,6/29/81,1308
1981,26,6/22/81,1292
1981,25,6/15/81,1248
1981,24,6/8/81,1267
1981,23,6/1/81,1381
1981,22,5/25/81,1374
1981,21,5/18/81,1175
1981,20,5/11/81,1363
1981,19,5/4/81,1363
1981,18,4/27/81,1441
1981,17,4/20/81,1437
1981,16,4/13/81,1106
1981,15,4/6/81,1307
1981,14,3/30/81,1352
1981,13,3/23/81,1432
1981,12,3/16/81,1330
1981,11,3/9/81,1413
1981,10,3/2/81,1402
1981,9,2/23/81,1387
1981,8,2/16/81,1333
1981,7,2/9/81,1333
1981,6,2/2/81,1282
1981,5,1/26/81,1281
1981,4,1/19/81,1495
1981,3,1/12/81,1360
1981,2,1/5/81,1888
1981,1,12/29/80,1231
1980,52,12/22/80,964
1980,51,12/15/80,1244
1980,50,12/8/80,1252
1980,49,12/1/80,1336
1980,48,11/24/80,1298
1980,47,11/17/80,1306
1980,46,11/10/80,1249
1980,45,11/3/80,1288
1980,44,10/27/80,1244
1980,43,10/20/80,1319
1980,42,10/13/80,1409
1980,41,10/6/80,1399
1980,40,9/29/80,1531
1980,39,9/22/80,1295
1980,38,9/15/80,1254
1980,37,9/8/80,1205
1980,36,9/1/80,1288
1980,35,8/25/80,1325
1980,34,8/18/80,1347
1980,33,8/11/80,1328
1980,32,8/4/80,1313
1980,31,7/28/80,1303
1980,30,7/21/80,1302
1980,29,7/14/80,1322
1980,28,7/7/80,1393
1980,27,6/30/80,1333
1980,26,6/23/80,1305
1980,25,6/16/80,1312
1980,24,6/9/80,1349
1980,23,6/2/80,1325
1980,22,5/26/80,1459
1980,21,5/19/80,1199
1980,20,5/12/80,1332
1980,19,5/5/80,1311
1980,18,4/28/80,1389
1980,17,4/21/80,1386
1980,16,4/14/80,1466
1980,15,4/7/80,1506
1980,14,3/31/80,1125
1980,13,3/24/80,1401
1980,12,3/17/80,1235
1980,11,3/10/80,1280
1980,10,3/3/80,1237
1980,9,2/25/80,1273
1980,8,2/18/80,1323
1980,7,2/11/80,1307
1980,6,2/4/80,1320
1980,5,1/28/80,1249
1980,4,1/21/80,1221
1980,3,1/14/80,1304
1980,2,1/7/80,1434
1980,1,12/31/79,1142
1979,52,12/24/79,1100
1979,51,12/17/79,1390
1979,50,12/10/79,1257
1979,49,12/3/79,1195
1979,48,11/26/79,1323
1979,47,11/19/79,1266
1979,46,11/12/79,1234
1979,45,11/5/79,1252
1979,44,10/29/79,1287
1979,43,10/22/79,1321
1979,42,10/15/79,1310
1979,41,10/8/79,1448
1979,40,10/1/79,1400
1979,39,9/24/79,1410
1979,38,9/17/79,1146
1979,37,9/10/79,1277
1979,36,9/3/79,1231
1979,35,8/27/79,1294
1979,34,8/20/79,1253
1979,33,8/13/79,1383
1979,32,8/6/79,1346
1979,31,7/30/79,1338
1979,30,7/23/79,1359
1979,29,7/16/79,1326
1979,28,7/9/79,1452
1979,27,7/2/79,1310
1979,26,6/25/79,1301
1979,25,6/18/79,1276
1979,24,6/11/79,1412
1979,23,6/4/79,1358
1979,22,5/28/79,1376
1979,21,5/21/79,1159
1979,20,5/14/79,1474
1979,19,5/7/79,1349
1979,18,4/30/79,1354
1979,17,4/23/79,1424
1979,16,4/16/79,1438
1979,15,4/9/79,1142
1979,14,4/2/79,1337
1979,13,3/26/79,1427
1979,12,3/19/79,1228
1979,11,3/12/79,1340
1979,10,3/5/79,1327
1979,9,2/26/79,1263
1979,8,2/19/79,1282
1979,7,2/12/79,1242
1979,6,2/5/79,1208
1979,5,1/29/79,1244
1979,4,1/22/79,1343
1979,3,1/15/79,1358
1979,2,1/8/79,1394
1979,1,1/1/79,1054
1978,52,12/25/78,1085
1978,51,12/18/78,1277
1978,50,12/11/78,1198
1978,49,12/4/78,1185
1978,48,11/27/78,1193
1978,47,11/20/78,1220
1978,46,11/13/78,1215
1978,45,11/6/78,1275
1978,44,10/30/78,1250
1978,43,10/23/78,1341
1978,42,10/16/78,1360
1978,41,10/9/78,1369
1978,40,10/2/78,1374
1978,39,9/25/78,1391
1978,38,9/18/78,1189
1978,37,9/11/78,1272
1978,36,9/4/78,1252
1978,35,8/28/78,1230
1978,34,8/21/78,1265
1978,33,8/14/78,1264
1978,32,8/7/78,1198
1978,31,7/31/78,1319
1978,30,7/24/78,1263
1978,29,7/17/78,1247
1978,28,7/10/78,1218
1978,27,7/3/78,1211
1978,26,6/26/78,1216
1978,25,6/19/78,1186
1978,24,6/12/78,1236
1978,23,6/5/78,1278
1978,22,5/29/78,1268
1978,21,5/22/78,1097
1978,20,5/15/78,1265
1978,19,5/8/78,1188
1978,18,5/1/78,1273
1978,17,4/24/78,1166
1978,16,4/17/78,1173
1978,15,4/10/78,1161
1978,14,4/3/78,1324
1978,13,3/27/78,1408
1978,12,3/20/78,1059
1978,11,3/13/78,1284
1978,10,3/6/78,1221
1978,9,2/27/78,1173
1978,8,2/20/78,1241
1978,7,2/13/78,1192
1978,6,2/6/78,1236
1978,5,1/30/78,1211
1978,4,1/23/78,1241
1978,3,1/16/78,1280
1978,2,1/9/78,1229
1978,1,1/2/78,1026
1977,52,12/26/77,1001
1977,51,12/19/77,1139
1977,50,12/12/77,1140
1977,49,12/5/77,1133
1977,48,11/28/77,1146
1977,47,11/21/77,1199
1977,46,11/14/77,1235
1977,45,11/7/77,1177
1977,44,10/31/77,1200
1977,43,10/24/77,1297
1977,42,10/17/77,1319
1977,41,10/10/77,1319
1977,40,10/3/77,1334
1977,39,9/26/77,1265
1977,38,9/19/77,1109
1977,37,9/12/77,1158
1977,36,9/5/77,1233
1977,35,8/29/77,1194
1977,34,8/22/77,1217
1977,33,8/15/77,1186
1977,32,8/8/77,1221
1977,31,8/1/77,1192
1977,30,7/25/77,1110
1977,29,7/18/77,1176
1977,28,7/11/77,1222
1977,27,7/4/77,1236
1977,26,6/27/77,1218
1977,25,6/20/77,1191
1977,24,6/13/77,1179
1977,23,6/6/77,1253
1977,22,5/30/77,1264
1977,21,5/23/77,1288
1977,20,5/16/77,1224
1977,19,5/9/77,1084
1977,18,5/2/77,1187
1977,17,4/25/77,1142
1977,16,4/18/77,1153
1977,15,4/11/77,1271
1977,14,4/4/77,995
1977,13,3/28/77,1271
1977,12,3/21/77,1207
1977,11,3/14/77,1262
1977,10,3/7/77,1230
1977,9,2/28/77,1224
1977,8,2/21/77,1178
1977,7,2/14/77,1225
1977,6,2/7/77,1138
1977,5,1/31/77,1180
1977,4,1/24/77,1223
1977,3,1/17/77,1238
1977,2,1/10/77,1186
1977,1,1/3/77,1172
1976,53,12/27/76,1009
1976,52,12/20/76,1138
1976,51,12/13/76,1099
1976,50,12/6/76,1071
1976,49,11/29/76,1035
1976,48,11/22/76,1123
1976,47,11/15/76,1150
1976,46,11/8/76,1176
1976,45,11/1/76,1130
1976,44,10/25/76,1170
1976,43,10/18/76,1272
1976,42,10/11/76,1230
1976,41,10/4/76,1330
1976,40,9/27/76,1332
1976,39,9/20/76,1125
1976,38,9/13/76,1169
1976,37,9/6/76,1146
1976,36,8/30/76,1214
1976,35,8/23/76,1223
1976,34,8/16/76,1192
1976,33,8/9/76,1141
1976,32,8/2/76,1238
1976,31,7/26/76,1206
1976,30,7/19/76,1189
1976,29,7/12/76,1303
1976,28,7/5/76,1304
1976,27,6/28/76,1290
1976,26,6/21/76,1262
1976,25,6/14/76,1289
1976,24,6/7/76,1290
1976,23,5/31/76,1222
1976,22,5/24/76,1345
1976,21,5/17/76,1141
1976,20,5/10/76,1361
1976,19,5/3/76,1234
1976,18,4/26/76,1343
1976,17,4/19/76,1355
1976,16,4/12/76,1024
1976,15,4/5/76,1306
1976,14,3/29/76,1397
1976,13,3/22/76,1383
1976,12,3/15/76,1417
1976,11,3/8/76,1347
1976,10,3/1/76,1381
1976,9,2/23/76,1261
1976,8,2/16/76,1299
1976,7,2/9/76,1337
1976,6,2/2/76,1229
1976,5,1/26/76,1288
1976,4,1/19/76,1321
1976,3,1/12/76,1370
1976,2,1/5/76,1668
1976,1,12/29/75,1202
1975,52,12/22/75,919
1975,51,12/15/75,1228
1975,50,12/8/75,1275
1975,49,12/1/75,1236
1975,48,11/24/75,1275
1975,47,11/17/75,1281
1975,46,11/10/75,1247
1975,45,11/3/75,1219
1975,44,10/27/75,1221
1975,43,10/20/75,1201
1975,42,10/13/75,1302
1975,41,10/6/75,1356
1975,40,9/29/75,1402
1975,39,9/22/75,1201
1975,38,9/15/75,1250
1975,37,9/8/75,1246
1975,36,9/1/75,1282
1975,35,8/25/75,1315
1975,34,8/18/75,1336
1975,33,8/11/75,1341
1975,32,8/4/75,1304
1975,31,7/28/75,1345
1975,30,7/21/75,1363
1975,29,7/14/75,1314
1975,28,7/7/75,1323
1975,27,6/30/75,1288
1975,26,6/23/75,1283
1975,25,6/16/75,1283
1975,24,6/9/75,1303
1975,23,6/2/75,1301
1975,22,5/26/75,1338
1975,21,5/19/75,1286
1975,20,5/12/75,1325
1975,19,5/5/75,1343
1975,18,4/28/75,1295
1975,17,4/21/75,1208
1975,16,4/14/75,1248
1975,15,4/7/75,1272
1975,14,3/31/75,1543
1975,13,3/24/75,1208
1975,12,3/17/75,1348
1975,11,3/10/75,1332
1975,10,3/3/75,1424
1975,9,2/24/75,1334
1975,8,2/17/75,1277
1975,7,2/10/75,1282
1975,6,2/3/75,1315
1975,5,1/27/75,1400
1975,4,1/20/75,1297
1975,3,1/13/75,1374
1975,2,1/6/75,1674
1975,1,12/30/74,1213
1974,52,12/23/74,1100
1974,51,12/16/74,1295
1974,50,12/9/74,1236
1974,49,12/2/74,1253
1974,48,11/25/74,1319
1974,47,11/18/74,1287
1974,46,11/11/74,1284
1974,45,11/4/74,1287
1974,44,10/28/74,1343
1974,43,10/21/74,1341
1974,42,10/14/74,1369
1974,41,10/7/74,1347
1974,40,9/30/74,1422
1974,39,9/23/74,1352
1974,38,9/16/74,1330
1974,37,9/9/74,1352
1974,36,9/2/74,1326
1974,35,8/26/74,1352
1974,34,8/19/74,1438
1974,33,8/12/74,1290
1974,32,8/5/74,1342
1974,31,7/29/74,1353
1974,30,7/22/74,1395
1974,29,7/15/74,1365
1974,28,7/8/74,1325
1974,27,7/1/74,1360
1974,26,6/24/74,1395
1974,25,6/17/74,1284
1974,24,6/10/74,1327
1974,23,6/3/74,1311
1974,22,5/27/74,1259
1974,21,5/20/74,1305
1974,20,5/13/74,1362
1974,19,5/6/74,1386
1974,18,4/29/74,1314
1974,17,4/22/74,1331
1974,16,4/15/74,1405
1974,15,4/8/74,1137
1974,14,4/1/74,1420
1974,13,3/25/74,1398
1974,12,3/18/74,1444
1974,11,3/11/74,1364
1974,10,3/4/74,1366
1974,9,2/25/74,1284
1974,8,2/18/74,1349
1974,7,2/11/74,1350
1974,6,2/4/74,1388
1974,5,1/28/74,1371
1974,4,1/21/74,1462
1974,3,1/14/74,1432
1974,2,1/7/74,1501
1974,1,12/31/73,871